script	glottocode	collected	source	omniglot	iso15924
Abaza	abaz1241	Anna Sorokina	Hewitt, G. (2004). Introduction to the Study of the Languages of the Caucasus. München: Lincom.	https://www.omniglot.com/writing/abaza.htm	Cyrl
Abkhaz	abkh1244	Anna Sorokina	Hewitt, G. (2004). Introduction to the Study of the Languages of the Caucasus. München: Lincom.	https://www.omniglot.com/writing/abkhaz.htm	Cyrl
Acehnese	achi1257	Irina Astafyeva	Durie, M. (1987). Grammatical relations in Acehnese. Studies in Language. International Journal sponsored by the Foundation: Foundations of Language, 11(2), 365-399.	https://www.omniglot.com/writing/acehnese.htm	Arab
Adyghe	adyg1241	Anna Sorokina	Hewitt, G. (2005). North West Caucasian. Lingua, 115(1–2), 91–145.	https://www.omniglot.com/writing/adyghe.htm	Cyrl
Afrikaans	afri1274	Anna Simonyan	McDermott, L. (2005). Teach Yourself Afrikaans. NTC Publishing Group.	https://www.omniglot.com/writing/afrikaans.htm	Latn
Aghul	aghu1253	Anna Sorokina	Магометов, А. А. (1967). Агульский язык. Языки народов СССР, Т.4: Кавказские языки. Москва, 562-579. Гасанова, С.Н. (2016) Говорим по-агульски.  Махачкала: Издательство ДГУ.	https://www.omniglot.com/writing/aghul.htm	Cyrl
Ahtna	ahte1237	Valeriia Kozenasheva	Siri G. Tuttle. 2010. Syllabic obstruents in Ahtna Athabaskan.	https://www.omniglot.com/writing/ahtna.htm	Latn
Ainu (Katakana)	ainu1252	Kanami Tobe	1994『アコㇿ イタㇰAKOR ITAK アイヌ語テキスト１』, Phonplogical change in Japanese-Ainu Loanwords, Edwin Everhart, 2009: 10-11	https://www.omniglot.com/writing/ainu.htm	Kana
Ainu (Latin)	ainu1252	Kanami Tobe	1994『アコㇿ イタㇰAKOR ITAK アイヌ語テキスト１』, Phonplogical change in Japanese-Ainu Loanwords, Edwin Everhart, 2009: 10-11	https://www.omniglot.com/writing/ainu.htm	Latn
Amharic	amha1245	Anna Verdieva	Leslau, W. (1995). Reference grammar of Amharic. Otto Harrassowitz Verlag.	https://www.omniglot.com/writing/amharic.htm	Ethi
Anutan	anut1237	Nikita Shennikov	Feinberg Richard, The Anutan Language Reconsidered: Lexicon and Grammar of a Polynesian Outlier, Volume 1, 1977	https://www.omniglot.com/writing/anutan.htm	Latn
Apache	west2615	Valeriia Kozenasheva	Harry Hoijer. 1970. Chiricahua Apache.	https://www.omniglot.com/writing/apache.htm	Latn
Arabic	arab1395	Irina Astafyeva	Ryding, K. C. (2005). Modern Standard Arabic. Cambridge University Pres, UK.	https://www.omniglot.com/writing/arabic.htm	Arab
Arawak	araw1281	Alina Tillabayeva	Pet, W. (2011). A grammar sketch and lexicon of Arawak (Lokono Dian). SIL e-Books, 30.	https://www.omniglot.com/writing/arawak.htm	Latn
Archi	arch1244	Anna Sorokina	Chumakina, M., Brown, D., Corbett, G., Quilliam, H. (2007). A dictionary of Archi: Archi-Russian-English (Online edition). University of Surrey.	https://www.omniglot.com/writing/archi.htm	Cyrl
Armenian	nucl1235	Antonina Sinelnik	Dum-Tragut, Jasmine (2009). Armenian: Modern Eastern Armenian	https://www.omniglot.com/writing/armenian.htm	Armn
Avar	avar1256	Anna Sorokina	Мадиева, Г. И. (1967) Аварский язык. Языки народов СССР, Т.4: Кавказские языки. Москва, 255-271.	https://www.omniglot.com/writing/avar.htm	Cyrl
Aymara	nucl1667	Alina Tillabayeva	Hardman, Martha James, Juana Vásquez, and Juan de Dios Yapita. Aymara Grammatical Sketch: To Be Used with Aymar Ar Yatiqañataki. Gainesville, Fla: Aymara Language Materials Project, Dept. of Anthropology, University of Florida, 1971.	https://www.omniglot.com/writing/aymara.htm	Latn
Bambara	bamb1269	Roman Tarasov	Doumboya (2012) Illustrated English/N'ko Alphabet: An Introduction to N'ko for English Speakers.	https://omniglot.com/writing/nko.htm	Nkoo
Bashkir	bash1264	Vyacheslav Ivanov	Yuldashev, A. A. (red.) (1981) Grammatika sovremennogo bashkirskogo literaturnogo yazyka. Moscow	https://www.omniglot.com/writing/bashkir.htm	Cyrl
Beaver	beav1236	Valeriia Kozenasheva	Tiina Kathryn Randoja. 1990. The phonology and morphology of halfway river Beaver. Ottawa, Canada.	https://www.omniglot.com/writing/beaver.htm	Latn
Belarusian 1	bela1254	Darya Zubova	Sjarzhuk, A. (2000) Govori so mnoj po-belorusski. Minsk	https://www.omniglot.com/writing/belarusian.htm	Cyrl
Belarusian 2	bela1254	Violetta Ivanova	Peter Mayo. Belorussian. Bernard Comrie, Greville C. Corbett (eds.) The Slavonic Languages. London and New York, 1993.	https://www.omniglot.com/writing/belarusian.htm	Cyrl
Bengali	beng1280	Anna Sorokina	Thompson, H.-R. (2012). Bengali. Amsterdam: John Benjamins Pub. Co.	https://www.omniglot.com/writing/bengali.htm	Beng
Breton	bret1244	Tanya Masumi	Press I., Bihan H. Colloquial Breton: The complete course for beginners //FORUM FOR MODERN LANGUAGE STUDIES. – GREAT CLARENDON ST, OXFORD OX2 6DP, ENGLAND : OXFORD UNIV PRESS, 2005.	https://www.omniglot.com/writing/breton.htm	Latn
Bulgarian 1	bulg1262	Darya Zubova	Maslov, Yu. S. (1981) Grammatika bolgarskogo yazyka. Moscow	https://www.omniglot.com/writing/bulgarian.htm	Cyrl
Bulgarian 2	bulg1262	Violetta Ivanova	Ernest A. Scatton. Bulgarian. Bernard Comrie, Greville G. Corbett (eds.). The slavonic languages. 1993	https://www.omniglot.com/writing/bulgarian.htm	Cyrl
Buryat	buri1258	Vyacheslav Ivanov	Sanzheev (red.) (1962) Grammatica buryatskogo yazika: Fonetica i morfologiya / Red. G.D. Sanzheev. Moscow	https://www.omniglot.com/writing/buryat.htm	Cyrl
Catalan	stan1289	Tanya Masumi	Miyara Alberto José, Brunelli Mihele. Catalan Grammar / Грамматика каталанского языка	https://www.omniglot.com/writing/catalan.htm	Latn
Chechen	chec1245	Anna Sorokina	Dotton, Z., Wagner, J. D. A grammar of Chechen.	https://www.omniglot.com/writing/chechen.htm	
Cherokee	cher1273	Anna Verdieva	Montgomery-Anderson, 2008: 31-107	https://www.omniglot.com/writing/cherokee.htm	Cher
Chipewyan	chip1261	Valeriia Kozenasheva	Li Fang-Kuei	https://www.omniglot.com/writing/chipewyan.htm	Latn
chiTonga	chit1281	Anna Simonyan	Carter, H., & Kashoki, M. E. (2002). An outline of Chitonga grammar. Bookworld Pub House.	NA	Latn
Comorian	como1260	Irina Astafyeva	Mohamed, M. A. (2001). Modern Swahili Grammar. East African Publishers.	https://www.omniglot.com/writing/comorian.htm	Arab
Cornish	corn1251	Tanya Masumi	Smith A. S. D., Hooper E. G. R. Cornish simplified: short lessons for self-tuition: pronunciation, grammar, exercises. – Dyllansow Truran, 1972.	https://www.omniglot.com/writing/cornish.htm	Latn
Crimean Tatar	crim1257	Vyacheslav Ivanov	Kavitskaya D. (2010) Crimean Tatar. Linkom Europa	https://www.omniglot.com/writing/crimeantatar.php	Cyrl
Czech	czec1258	Violetta Ivanova	Laura A. Janda and Charles E. Towsend. Czech. 2000	https://www.omniglot.com/writing/czech.htm	Latn
Danish	dani1285	Violetta Ivanova	Michael Herslund. Danish. Lincom Europa, 2002.	https://www.omniglot.com/writing/danish.htm	Latn
Dargwa	darg1241	Anna Sorokina	Абдуллаев, С.Н. (1954). Грамматика даргинского языка (фонетика и морфология). Махачкала: Институт истории, языка и литературы Дагестанского филиала АН СССР.	https://www.omniglot.com/writing/dargwa.htm	Cyrl
Dari	dari1249	Irina Astafyeva	Wahab, S. (2004). Beginner's Dari (Persian). Hippocrene Books.	https://www.omniglot.com/writing/dari.htm	Arab
Dena’ina	tana1289	Valeriia Kozenasheva	Alan Boraas. (2009) An introduction to dena’ina grammar:  the kenai (outer inlet) dialect.	https://www.omniglot.com/writing/denaina.htm	Latn
Dhivehi (Thaana)	dhiv1236	Anna Sorokina	Gnanadesikan, A. E., (2012). Maldivian Thaana, Japanese kana, and the representation of moras in writing, Writing Systems Research, 4:1, 91-102, DOI: 10.1080/17586801.2012.693459	https://www.omniglot.com/writing/thaana.htm	Thaa
Dutch	dutc1256	Violetta Ivanova	Gerdi Quist, Dennis Strik. Teach Yourself Dutch. 2003	https://www.omniglot.com/writing/dutch.htm	Latn
Enets	fore1265	Irina Astafyeva	Siegl F. Materials on Forest Enets, an indigenous language of Northern Siberia : дис. – 2011.	https://www.omniglot.com/writing/enets.htm	Cyrl
English (BrE)	stan1293	Violetta Ivanova	Michael Swan. Practical English Usage. Oxford University Press, 2009. Rebecca M. Dauer. Accurate English: a complete course in pronunciation. Prentice Hall Regents, 1993.	https://www.omniglot.com/writing/english.htm	Latn
Erzya	erzy1239	Irina Astafyeva	Г. Аитов. Новый алфавит. Великая революция на востоке. — Саратов: Нижневолжское краевое изд-во, 1932. — С. 61-64. — 73 с. — 3150 экз.	https://www.omniglot.com/writing/erzya.htm	Cyrl
Estonian	esto1258	Irina Astafyeva	http://www.eki.ee/knn/ungegn/un7_gdl.htm	https://www.omniglot.com/writing/estonian.htm	Latn
Ewe	ewee1241	Asya Simonyan	Warburton, I. (1968). Ewe basic course.	https://www.omniglot.com/writing/ewe.htm	Latn
Eyak	eyak1241	Valeriia Kozenasheva	Michael E. Krauss (1965) Eyak: a preliminary report	https://www.omniglot.com/writing/eyak.php	Latn
Faka-Tongan	tong1325	Nikita Shennikov	C. Maxwell Churchward, Tongan Grammar, 1985	https://www.omniglot.com/writing/tongan.htm	Latn
Faroese	faro1244	Violetta Ivanova	Hjalmar P. Petersen and Jonathan Adams. Faroese. A Language Course for Beginners. Grammar. Stidin, 2009.	https://www.omniglot.com/writing/faroese.htm	Latn
Fijian	fiji1243	Tanya Masumi	Dixon R. M. W. A grammar of Boumaa Fijian. – University of Chicago Press, 1988.	https://www.omniglot.com/writing/fijian.htm	Latn
Finnish	finn1318	Irina Astafyeva	https://www.scribd.com/doc/316881341/Teach-Yourself-Finnish-1-pdf#fullscreen=1	https://www.omniglot.com/writing/finnish.htm	Latn
French	stan1290	Tanya Masumi	Batchelor R. E., Chebli-Saadi M. A reference grammar of French. – Cambridge University Press, 2011.	https://www.omniglot.com/writing/french.htm	Latn
Fula	adam1253	Asya Simonyan	Pelletier, C. A., & Skinner, A. N. (1981). Adawama Fulfulde. An introductory course. African Languages and Literature University of Wisconsin-Madison	https://www.omniglot.com/writing/fula.htm	Latn
Futunan	east2447	Tanya Masumi	Diessel H. Demonstratives: Form, function and grammaticalization. – John Benjamins Publishing, 1999. – Т. 42.	https://www.omniglot.com/writing/futunan.htm	Latn
Georgian (Mkhedruli)	nucl1302	Antonina Sinelnik	Aronson, Howard I. (1990). Georgian: a reading grammar	https://www.omniglot.com/writing/georgian2.htm	Geor
German	stan1295	Violetta Ivanova	Bruce Donaldson. German. An Essential Grammar. Routledge: London and New York, 2007.	https://www.omniglot.com/writing/german.htm	Latn
Hän	hann1241	Valeriia Kozenasheva	Patrick E. Marlow. 1997. Han phonology & morphology.	https://www.omniglot.com/writing/han.htm	Latn
Hangul (Korean)	kore1280	Antonina Sinelnik	Lee, Hyun Bok (1999). Korean. Handbook of the International Phonetic Association	https://www.omniglot.com/writing/korean.htm	Hang
Hanuno'o	hanu1241	Roman Tarasov	Conklin (1953) Hanunóo-English Vocabulary. Berkeley & Los-Angeles	https://omniglot.com/writing/hanunoo.htm	Hano
Hawaiian	hawa1245	Nikita Shennikov	Elbert S.H., Pukui M.K., Hawaiian Grammar, 1979	https://www.omniglot.com/writing/hawaiian.htm	Latn
Hebrew	hebr1245	Irina Astafyeva	Glinert, L. (2004). The grammar of modern Hebrew. Cambridge University Press.	https://www.omniglot.com/writing/hebrew.htm	Hebr
Hindi (Devanāgarī)	hind1269	Anna Sorokina	Kachru, Y. (2006). Hindi. Philadelphia: John Benjamins Pub. Co.	https://www.omniglot.com/writing/hindi.htm	Deva
Hungarian	hung1274	Irina Astafyeva	Törkenczy M. Hungarian verbs and essentials of grammar: a practical guide to the mastery of Hungarian. – Ntc Pub Group, 1997.	https://www.omniglot.com/writing/hungarian.htm	Latn
Hupa	hupa1239	Valeriia Kozenasheva	Victor Karl Golla (1960). Hupa Grammar.	https://www.omniglot.com/writing/hupa.htm	Latn
Icelandic	icel1247	Violetta Ivanova	Höskuldur Thráinsson. Icelandic. In Konig, E., & Van der Auwera, J. (2013). The germanic languages. Routledge. Hildur Jonsdottir. Teach yourself Icelandic. McGraw-Hill, 2004.	https://www.omniglot.com/writing/icelandic.htm	Latn
Igbo	nucl1417	Nikita Shennikov	Fichman, B. S. (1975). Jazyk igbo. Izdat. Nauka.	https://www.omniglot.com/writing/igbo.htm	Latn
Ingrian	ingr1248	Irina Astafyeva	http://lingvisto.org/files/ingrian.pdf	https://www.omniglot.com/writing/ingrian.htm	Latn
Ingush	ingu1240	Arseniy Averin	Nichols J. Ingush Grammar. University of California, Berkeley. 2011	https://www.omniglot.com/writing/ingush.htm	Cyrl
Inuktitut	east2534	Roman Tarasov	Rogers (2005) Writing Systems: a Linguistic Approach. pp.253-254	https://omniglot.com/writing/inuktitut.htm	Cans
Irish	iris1253	Tanya Masumi	Doyle A. Irish, volume 201 of Languages of the World/Materials //Munich, Germany: LINCOM EUROPA. – 2001.	https://www.omniglot.com/writing/irish.htm	Latn
Italian	ital1282	Tanya Masumi	Sandro Carnevali, Fonetica della lingua italiana  (1998-2007)	https://www.omniglot.com/writing/italian.htm	Latn
Itbayat	ivat1242	Nikita Shennikov	Cesar A. Hidalgo, A Tagmemic Grammar of Ivatan, 1971	https://www.omniglot.com/writing/itbayat.htm	Latn
Japanese (Hiragana)	nucl1643	Kanami Tobe	Labrune, L. (2012). The phonology of Japanese. Oxford University Press.	https://www.omniglot.com/writing/japanese_hiragana.htm	Hira
Japanese (Katakana)	nucl1643	Kanami Tobe	Labrune, L. (2012). The phonology of Japanese. Oxford University Press.	https://www.omniglot.com/writing/japanese_katakana.htm	Kana
Kabardian	kaba1278	Anna Sorokina	Matasović, R. (2010). A short grammar of East Circassian (Kabardian).	https://www.omniglot.com/writing/kabardian.htm	Cyrl
Kalmyk	kalm1244	Vyacheslav Ivanov	Sanzheev G. D. (red.) Grammatika kalmytskogo yazyka. Fonetika i morfologiya. Elista	https://www.omniglot.com/writing/kalmyk.htm	Cyrl
Kannada	nucl1305	Anna Sorokina	Spencer, H., & Perston, W. (1950). A Kanarese grammar: With graduated exercises. Mysore City, India: Wesley Press.	https://www.omniglot.com/writing/kannada.htm	Knda
Kapingamarangi	kapi1249	Nikita Shennikov	Elbert S. , Kapingamarangi and Nukuoro Word List, With Notes on Linguistic Position, 1946 Pronunciation, and Grammar.	https://www.omniglot.com/writing/kapingamarangi.htm	Latn
Karelian	kare1335	Irina Astafyeva	Zajkov P. M. Grammatika karelĘąskogo jazyka:(fonetika i morfologija). – Periodika, 1999.	https://www.omniglot.com/writing/karelian.htm	Latn
Kazakh	kaza1248	Darya Zubova	Krippers, Karl A. (1997) Kazakh Grammar with Affix List	https://www.omniglot.com/writing/kazakh.htm	Cyrl
Khakas	khak1248	Vyacheslav Ivanov	Dyrenkova N. P. (1948) Grammatica khakasskogo yazika. Abakan	https://www.omniglot.com/writing/khakas.htm	Cyrl
Khmer	cent1989	Daria Demkina	Gorgoniev Y. A. Grammatika khmerskogo jazyka [A grammar of the Khmer language] //Moskva: Izdatel’stvo Nauka. Decorative symmetry in ritual (and everyday) language. – 1966. – Т. 585.	https://www.omniglot.com/writing/khmer.htm	Khmr
Kichwa	colo1257	Alina Tillabayeva	Натаров А. Н. (2013) Грамматика языка кечуа	https://omniglot.com/writing/kichwa.htm	Latn
Kikuyu	kiku1240	Asya Simonyan	Gecaga, B. M., & Kirkaldy-Willis, W. H. (1953). Short Kikuyu Grammar. Macmillan Kenya.	https://www.omniglot.com/writing/kikuyu.htm	Latn
Komi-Permyak	komi1269	Irina Astafyeva	Лыткин В. И. (ред. ) Коми-пермяцкий язык. Введение, фонетика, лексика и морфология. Кудымкар: Коми-пермяцкое книжное издательство, 1962. - 340 с.	https://www.omniglot.com/writing/oldpermic.htm	Cyrl
Koyukon	koyu1237	Valeriia Kozenasheva	Eliza Jones and Joe Kwaraceius (1997). Koyukon grammar.	https://www.omniglot.com/writing/koyukon.htm	Latn
Kri	khap1242	Daria Demkina	Enfield N. J., Diffloth G. (2009) Phonology and sketch grammar of Kri, a Vietic language of Laos. Cahiers de linguistique Asie orientale	https://omniglot.com/writing/kri.htm	Latn
Kurdish	kurd1259	Irina Astafyeva	McCarus, E. N. (2013). Kurdish. In The Iranian Languages (pp. 663-709). Routledge.	https://www.omniglot.com/writing/kurdish.htm	Arab
Kwanyama	kuan1247	Asya Simonyan	Zimmermann, W., & Hasheela, P. (1998). Oshikwanyama grammar. Gamsberg Macmillan Publishers (Pty) Ltd..	https://www.omniglot.com/writing/oshiwambo.php	Latn
Kyrgyz	kirg1245	Darya Zubova	Kara, D. S. (2003) Kyrgyz, Lincom Europa	https://www.omniglot.com/writing/kirghiz.htm	Cyrl
Lak	lakk1252	Anna Sorokina	Schulze, W. (2007). The Lak Language — Лакку маз. A Quick Reference.	https://www.omniglot.com/writing/lak.htm	Cyrl
Latvian	latv1249	Darya Zubova	Mathiassen, T. (1996) A short grammar of Latvian, Slavica Publishers	https://www.omniglot.com/writing/latvian.htm	Latn
Lezgi	ezg1247	Anna Sorokina	Haspelmath, M. (1993). A grammar of Lezgian. Berlin; New York: Mouton de Gruyter.	https://www.omniglot.com/writing/lezgi.htm	Cyrl
Lingala	ling1263	Asya Simonyan	Redden, J. & Bongo, F. (1963). Lingala, basic course. Washington: Department of State	https://www.omniglot.com/writing/lingala.htm	Latn
Lithuanian	lith1251	Darya Zubova	Mathiassen, T. (1996) A short grammar of Lithuanian, Slavica Publishers	https://www.omniglot.com/writing/lithuanian.htm	Latn
Lower Sorbian	lowe1385	Violetta Ivanova	Gerald Stone. Sorbian (Upper and Lower). In Bernard Comrie, Creville C. Corbett (eds). The Slavonic Languages. London and New York, Routledge. 2095	https://www.omniglot.com/writing/sorbian.htm	Latn
Macedonian	mace1250	Darya Zubova	Friedman, V. (2001) Macedonian, SEELRC	https://www.omniglot.com/writing/macedonian.htm	Cyrl
Malayalam	mala1464	Anna Sorokina	Asher, R. E., & Kumari, T. C. (1997). Malayalam.	https://www.omniglot.com/writing/malayalam.htm	Mlym
Mangareva	mang1401	Nikita Shennikov	Ena Manuireva, Mangarevan - A Shifting Language, 2014	https://www.omniglot.com/writing/mangareva.htm	Latn
Manx	manx1243	Tanya Masumi	Broderick G. Manx //The Celtic Languages. – Routledge, 2009. – С. 319-370.	https://www.omniglot.com/writing/manx.htm	Latn
Maori	maor1246	Tanya Masumi	Williams W. L. First lessons in the Maori language with a short vocabulary.-- Trübner & Company, 1862.	https://www.omniglot.com/writing/maori.htm	Latn
Mele-Fila	mele1250	Nikita Shennikov	Ross Clark, Mele Notes, 1975	https://www.omniglot.com/writing/mele-fila.htm	Latn
Moksha	moks1248	Irina Astafyeva	Поляков О. Е. Русско-мокшанский разговорник //Саранск: Мордов. кн. изд-во. – 1993.	https://www.omniglot.com/writing/moksha.htm	Cyrl
Moldovan	mold1248	Tanya Masumi	Краткая энциклопедия «Советская Молдавия» (Кишинёв, 1982)	https://www.omniglot.com/writing/moldovan.htm	Cyrl
Mongolian	mong1331	Roman Tarasov	Bat-Ireedui (2015) Colloquial Mongolian. The Complete Course for Beginners	https://omniglot.com/writing/mongolian.htm	Mong
Mongolian (Cyrillic)	mong1331	Vyacheslav Ivanov	Todaeva, B. Kh. (1951) Grammatika sovremennogo mongolskogo yazika. Moscow	https://www.omniglot.com/writing/mongolian.htm	Cyrl
Moriori	mori1267	Nikita Shennikov	Herbert William Williams, Some Notes on the Language of the Chatham Islands, 1918	https://www.omniglot.com/writing/moriori.htm	Latn
N'Ko	nkoa1234	Nikita Shennikov	The History of N’ko and its Role in Mande Transnational Identity: Words as Weapons, 2005	https://www.omniglot.com/writing/nko.htm	Nkoo
Nanai	nana1257	Vyacheslav Ivanov	Avrorin, V. A. (1959) Grammatica nanajskogo jazyka. Moscow, Leningrad.	https://www.omniglot.com/writing/nanai.htm	Cyrl
Navajo	nava1243	Valeriia Kozenasheva	Irvy W. Goossen (1995). Dine Bizaad: Speak, Read, Write Navajo.	https://www.omniglot.com/writing/navajo.htm	Latn
Ndyuka (Latin)	suri1272	Arseniy Averin	Hutter G.L., Hutter M.L. Ndyuka. Routledge. 1994	https://www.omniglot.com/writing/ndjuka.htm	Latn
Nganasan 1	ngan1291	Daria Demkina	Zhovnitskaja, S. N. (2009) Nganasanskij yazik. Krasnoyarsk	https://www.omniglot.com/writing/nganasan.htm	Cyrl
Nganasan 2	ngan1291	Irina Astafyeva	Жовницкая-Турдагина С. Н. Ня’’ букварь. СПб., 1999.	https://www.omniglot.com/writing/nganasan.htm	Cyrl
Niuafo'ou	niua1240	Nikita Shennikov	Akihisa Tsukamoto, The language of Niuafo'ou Island, 1988	https://www.omniglot.com/writing/niuafoou.htm	Latn
Niuean	niue1239	Tanya Masumi	Tregear E., Smith S. P. Vocabulary and grammar of the Niué dialect of the Polynesian language. – J. Mackay, Government Printer, 1907	https://www.omniglot.com/writing/niuean.php	Latn
Nivkh	gily1242	Roman Tarasov	Gashilova (2002) Nivkhskij yazik v tablitsax. Saint-Petersburg	https://omniglot.com/writing/nivkh.htm	Cyrl
Northern Sami	norw1258	Irina Astafyeva	Svonni, E Mikael. Sámegiel-ruoŧagiel skuvlasátnelistu. — Sámiskuvlastivra, 1984. — P. III.	https://www.omniglot.com/writing/northernsami.htm	Latn
Norwegian	nort2671	Violetta Ivanova	Margaretha Danbolt Simons. Teach Yourself Norwegian. 2004.	https://www.omniglot.com/writing/norwegian.htm	Latn
Nukuoro	nuku1260	Nikita Shennikov	Vern Carroll, An Outline of the Structure of the Language of Nukuoro, 1965	https://www.omniglot.com/writing/nukuoro.htm	Latn
Pacoh	paco1243	Daria Demkina	Watson R.,S., Canxóiq C. (2013) Pacoh – Vietnamese – English Dictionary. SIL International.	NA	Latn
Panjabi (Gurmukhi)	west2386;panj1256	Anna Sorokina	Bhardwaj, M. (2012). Colloquial Panjabi. London: Routledge.	https://www.omniglot.com/writing/punjabi.htm	Guru
Paraguayan Guarani	ara1311	Alina Tillabayeva	Estigarribia, B. (2017). A Grammar Sketch of Paraguayan Guarani. Guarani linguistics in the 21st century, 7-85.	https://www.omniglot.com/writing/guarani.htm	Latn
Pashto	pash1269	Irina Astafyeva	Lehr, R. (2014). A descriptive grammar of Pashai: The language and speech community of Darrai Nur. The University of Chicago.	https://www.omniglot.com/writing/pashto.htm	Arab
Persian (Braille)	fars1254	Roman Tarasov	UNESCO (2013) World Braille Usage. Washington,D.C.	https://omniglot.com/writing/braille.htm	Brai
Persian 1	fars1254	Tanya Masumi	Perry J. R., Windfuhr G. Persian and Tajik //The Iranian Languages. – Routledge, 2013. – С. 492-620	https://www.omniglot.com/writing/persian.htm	Arab
Persian 2	fars1254	Irina Astafyeva	Perry, J. R., & Windfuhr, G. (2013). Persian and Tajik. In The Iranian Languages (pp. 492-620). Routledge.	https://www.omniglot.com/writing/persian.htm	Arab
Polish	poli1260	Violetta Ivanova	Sadowska. Polish. A Comprehensive Grammar. Routledge: London and New York. 2012.	https://www.omniglot.com/writing/polish.htm	Latn
Portuguese	port1283	Tanya Masumi	Izabel Christine Seara, Vanessa Gonzaga, Cristiane Lazzarotto-Volcão. Fonética e Fonologia do Português Brasileiro - Florianópolis, 2011	https://www.omniglot.com/writing/portuguese.htm	Latn
Pukapukan	puka1242	Nikita Shennikov	Teingo W. A., Introduction to the Pukapukan Language, 1993	https://www.omniglot.com/writing/pukapukan.htm	Latn
Rarotongan	maor1246	Nikita Shennikov	Maki'uti Tongia, Learning Rarotonga Maori, 1999	https://www.omniglot.com/writing/rarotongan.htm	Latn
Rennellese	renn1242	Nikita Shennikov	Samuel H. Elbert, Dictionary of the Language of Rennell and Bellona, 1975	https://www.omniglot.com/writing/rennellese.htm	Latn
Romanian	roma1327	Tanya Masumi	Cojocaru D. Romanian grammar. – Slavic and East European Language Research Center (SEELRC), Duke University, 2003.	https://www.omniglot.com/writing/romanian.htm	
Romansch	roma1326	Tanya Masumi	Caduff R., Caprez U. N., Darms G. Grammatica d'instrucziun dal rumantsch grischun. – Department da linguatgs e litteraturas romanas, 2006.	https://www.omniglot.com/writing/romansh.htm	
Russian	russ1263	Violetta Ivanova	Князев С.В., Пожарицкая С.К. Современный русский литературный язык. Фонетика, орфоэпия, графика и орфография. М.: Гаудеамус, 2011.	https://www.omniglot.com/writing/russian.htm	Cyrl
Rutul (Cyrillic)	rutu1240	Arseniy Averin	Clarkson J., Iurkova E. Important Factors in the Development of an Orthography: Shin-Shorsu Rutul — a Case Study. Dallas, SIL International, 2015	https://www.omniglot.com/writing/rutul.htm	Cyrl
Rutul (Latin)	rutu1240	Arseniy Averin	Clarkson J., Iurkova E. Important Factors in the Development of an Orthography: Shin-Shorsu Rutul — a Case Study. Dallas, SIL International, 2015	https://www.omniglot.com/writing/rutul.htm	Latn
Samoan	samo1305	Tanya Masumi	Neffgen H. Grammar and Vocabulary of the Samoan Language, Together with Remarks on Some of the Points of Similarity Between the Samoan and the Tahitian and Maori Languages. – Ams PressInc, 1978. – Т. 30.	https://www.omniglot.com/writing/samoan.htm	Latn
Sarcee	sars1236	Valeriia Kozenasheva	Eung-Do Cook (1984). A Sarcee grammar. Vancouver.	https://www.omniglot.com/writing/tsuutina.htm	Latn
Scottish Gaelic	scot1245	Tanya Masumi	Gillies W. Scottish Gaelic //The Celtic Languages. – Routledge, 2009. – С. 244-318.	https://www.omniglot.com/writing/gaelic.htm	Latn
Serbian	serb1264	Darya Zubova	Hammond, L. (2005) Serbian. An Essential Grammar. Routledge, London and New York	https://omniglot.com/writing/serbian.htm	Cyrl
seSotho	sout2807	Anna Simonyan	Paroz, R. A. (1946). Elements of Southern Sotho. Basutoland, Morija Sesuto Book Depot.	https://www.omniglot.com/writing/sesotho.htm	Latn
seTswana	tswa1253	Anna Simonyan	Peace Corps Botswana(2008). An Introduction to the Setswana Language	https://www.omniglot.com/writing/tswana.php	Latn
Shor	shor1247	Vyacheslav Ivanov	Dyrenkova N. P. (1941) Grammatika shorskogo yazyka. Moscow, Leningrad	https://www.omniglot.com/writing/shor.htm	Cyrl
Sikaiana	sika1261	Nikita Shennikov	Donner W.,  LINGUA FRANCA AND VERNACULAR: LANGUAGE USE AND LANGUAGE CHANGE ON SIKAIANA, 1996	https://www.omniglot.com/writing/sikaiana.htm	Latn
Sinhala	sinh1246	Anna Sorokina	Chandralal, D. (2010). Sinhala. Amsterdam: John Benjamins Pub. Co.	https://www.omniglot.com/writing/sinhala.htm	Sinh
siSwati	swat1243	Anna Simonyan	Corum, C. W. (1978). An Introduction to the Swazi (siSwati) Language.	https://www.omniglot.com/writing/swati.php	Latn
Skolt Sami	skol1241	Irina Astafyeva	Korhonen, Mikko. Mosnikoff, Jouni. Sammallahti, Pekka. Koltansaamen opas. Castreanumin toimitteita, Helsinki 1973.	https://www.omniglot.com/writing/skoltsami.htm	Latn
Slovak	slov1269	Violetta Ivanova	David Short. Slovak. In Bernard Comrie, Creville C. Corbett (eds). The Slavonic Languages. London and New York, Routledge. 1993	https://www.omniglot.com/writing/slovak.htm	Latn
Slovenian	slov1268	Violetta Ivanova	Peter Herrity. Slovene. A comprehensive grammar. Routledge. 2000	https://www.omniglot.com/writing/slovene.htm	Latn
Somali (Abjad)	soma1255	Irina Astafyeva	Saeed, J. (1999). Somali (Vol. 10). John Benjamins Publishing.	https://www.omniglot.com/writing/somali.htm	Arab
Somali (Latin)	soma1255	Irina Astafyeva	Saeed, J. (1999). Somali (Vol. 10). John Benjamins Publishing.	https://www.omniglot.com/writing/somali.htm	Latn
Sorani	cent1972	Irina Astafyeva	Thackston, W. M. (2006). Kurmanji Kurdish:-A Reference Grammar with Selected Readings. Renas Media.	https://www.omniglot.com/writing/kurdish.htm	Arab
Southern Sami	sout2674	Irina Astafyeva	Vangberg – Brandsfjell: Saemesth amma! Gïelemaahtotje - Liten grammatikk. Sijti Jarnge 2009.	https://www.omniglot.com/writing/southernsami.htm	Latn
Spanish	stan1288	Tanya Masumi	Garrido, J. M., Machuca, M. J. y de la Mota, C. (1998). Prácticas de fonética. Lengua española I. Bellaterra: Universitat Autònoma de Barcelona.	https://www.omniglot.com/writing/spanish.htm	Latn
Swahili	swah1253	Asya Simonyan	Russell, J. (1996). Swahili (Teach Yourself).	https://www.omniglot.com/writing/swahili.htm	Latn
Swedish	swed1254	Violetta Ivanova	Vera Croghan. Swedish (Teach Yourself). 1995.	https://www.omniglot.com/writing/swedish.htm	Latn
Syriac	clas1252	Irina Astafyeva	Muraoka, T. (2005). Classical Syriac: a basic grammar with a chrestomathy (Vol. 19). Otto Harrassowitz Verlag.	https://www.omniglot.com/writing/syriac.htm	Syrc
Tabasaran	taba1259	Anna Sorokina	Алексеев, М.Е., Шихалиева, С.Х. (2003). Табасаранский язык. Языки народов России. Москва: Academia.	httpsː//www.omniglot.com/writing/tabassaran.htm	Cyrl
Tahitian	tahi1242	Tanya Masumi	Burbidge G. W. A new grammar of the Tahitian dialect of the Polynesian language: And combined with a vocabulary of English, French, Tahitian //Papeete, Tahiti, French Polynesia, Church of Jesus Christ of Latter-Day Saints. – 1930.	https://www.omniglot.com/writing/tahitian.htm	Latn
Tajik 1	taji1245	Tanya Masumi	Perry J. R., Windfuhr G. Persian and Tajik //The Iranian Languages. – Routledge, 2013. – С. 492-620	https://www.omniglot.com/writing/tajik.htm	Cyrl
Tajik 2	taji1245	Darya Zubova	Ido, Sh. (2005) Tajik, Lincom Europa	https://www.omniglot.com/writing/tajik.htm	Cyrl
Tamil	tami1289	Anna Verdieva	Andronov, M. S. (1965). The Tamil Language. Nauka.	https://www.omniglot.com/writing/tamil.htm	Taml
Tao	taoo1239	Nikita Shennikov	Rau, D. Victoria, Maa-Neu Dong,  Yami texts with reference grammar and dictionary, 2006	https://www.omniglot.com/writing/yami.htm	Latn
Telugu	telu1262	Anna Sorokina	Krishnamurti, B., & Gwynn, J. P. L. (1985). A grammar of modern Telugu. Delhi: Oxford University Press.	https://www.omniglot.com/writing/telugu.htm	Telu
Temne	timn1235	Asya Simonyan	Peace Corps Sierra Leone (1987). Temne Language Manual.	https://www.omniglot.com/writing/temne.htm	Latn
Ter Sami	ters1235	Irina Astafyeva	Куруч Р. Д. Краткий грамматический очерк саамского языка //РД Куруч (ред.). Саамско-русский словарь. М: Русский язык. – 1985. – С. 529-567.	https://www.omniglot.com/writing/tersami.htm	Cyrl
Tibetan	tibe1272	Anna Verdieva	Tournade N. (2003) Manual of Standard Tibetan +AC0- Language and Civilization/ Nicolas Tournade, Sangda Dorje +AC0- Ithaca, NY: Snow Lion Publications.	https://www.omniglot.com/writing/tibetan.htm	Tibt
Tigre (Abjad)	tigr1270	Irina Astafyeva	Raz, S. (1983). Tigre grammar and texts (Vol. 4). Undena Publications.	https://www.omniglot.com/writing/tigre.htm	Arab
Tigre (Geez)	tigr1270	Irina Astafyeva	Raz, S. (1983). Tigre grammar and texts (Vol. 4). Undena Publications.	https://www.omniglot.com/writing/tigre.htm	Ethi
Tigrinya	tigr1271	Irina Astafyeva	Mason, J. S. (Ed.). (1996). Tigrinya grammar. Red Sea Press (NJ).	https://www.omniglot.com/writing/tigrinya.htm	Ethi
Tikopia	tiko1237	Nikita Shennikov	Firth Raymond, Tikopia-English Dictionary, 1985	https://www.omniglot.com/writing/tikopia.htm	Latn
Tokelauan	toke1240	Nikita Shennikov	Hooper Robin, Studies in Tokelauan syntax, 1994	https://www.omniglot.com/writing/tokelauan.htm	Latn
Tsonga	tson1249	Anna Simonyan	Ouwehand, M. (1965). Everyday Tsonga. Swiss Mission in South Africa.	https://www.omniglot.com/writing/tsonga.php	Latn
Turkish	nucl1301	Vyacheslav Ivanov	Göksel A., Kerslake C. (2004) Turkish: A Comprehensive Grammar. London	https://www.omniglot.com/writing/turkish.htm	Latn
Tuvaluan	tuva1244	Nikita Shennikov	Niko Besnier, Tuvaluan: A Polynesian Language of the Central Pacific, 2000	https://www.omniglot.com/writing/tuvaluan.htm	Latn
Tuvan	tuvi1240	Vyacheslav Ivanov	Iskhakov, F. G., Palmbakh, A. A. (1961) Grammatica tuvinskogo yazika. Fonetica i morfologiya. Moscow	https://www.omniglot.com/writing/tuvan.php	Cyrl
Udmurt	udmu1245	Irina Astafyeva	И. В. Тараканов. Алфавит. — Удмуртская Республика: Энциклопедия. — Ижевск : Удмуртия, 2000. — С. 168. — 800 с.	https://www.omniglot.com/writing/udmurt.htm	Cyrl
Ukrainian 1	ukra1253	Darya Zubova	Danyenko, A., Vakylenko, S. (1995) Ukranian, Lincom Europa, M_nchen-Newcastle	https://www.omniglot.com/writing/ukrainian.htm	Cyrl
Ukrainian 2	ukra1253	Violetta Ivanova	Stefan M. Pugh and Ian Press. Ukrainian. A comprehensive grammar. 1999	https://www.omniglot.com/writing/ukrainian.htm	Cyrl
Upper Sorbian	uppe1395	Violetta Ivanova	Gerald Stone. Sorbian (Upper and Lower). In Bernard Comrie, Creville C. Corbett (eds). The Slavonic Languages. London and New York, Routledge. 2095	https://www.omniglot.com/writing/sorbian.htm	Latn
Urdu	urdu1245	Irina Astafyeva	Delacy, R. (2003). Teach Yourself Beginner's Urdu Script. Teach Yourself.	https://www.omniglot.com/writing/urdu.htm	Arab
Uzbek	uzbe1247	Darya Zubova	Ibragimov, S. I. (1972) Voprosy sovershenstvovaniya alfavitov tyurkskih yazykov SSSR, Moscow	https://www.omniglot.com/writing/uzbek.htm	Cyrl
Vaeakau-Taumako	pile1238	Nikita Shennikov	Næss A., Hovdhaugen E, A grammar of Vaeakau-Taumako, 2011	https://www.omniglot.com/writing/vaeakautaumako.htm	Latn
Vai	vaii1241	Nikita Shennikov	S. Lamii Tucker, 1999	https://www.omniglot.com/writing/vai.htm	Vaii
Vananga rapa nui	rapa1244	Nikita Shennikov	Paulus-Jan Kieviet, A grammar of Rapa Nui, 2017	https://www.omniglot.com/writing/rapanui.htm	Latn
Vietnamese	viet1252	Daria Demkina	Thompson, L. C. (1987). A Vietnamese reference grammar (Vol. 13). University of Hawaii Press.	https://omniglot.com/writing/vietnamese.htm	Latn
Võro	voro1241	Irina Astafyeva	https://linguapedia.info/languages/voro.html	https://www.omniglot.com/writing/voro.htm	Latn
Wa	waaa1245	Daria Demkina	Mai M. S.(2012) A Descriptive Grammar of Wa. Payap University.	https://omniglot.com/writing/wa.htm	Latn
Wallisian	wall1257	Nikita Shennikov	Tsukamoto Akihisa, The language of Niuafo'ou Island, 1988	https://www.omniglot.com/writing/wallisian.htm	Latn
Welsh	wels1247	Tanya Masumi	Awbery G. Welsh. – na, 2009.	https://www.omniglot.com/writing/welsh.htm	Latn
Wolof	nucl1347	Asya Simonyan	Peace Corps The Gambia (1995). Wollof Grammar Manual.	https://www.omniglot.com/writing/wolof.htm	Latn
Xhosa	xhos1239	Anna Simonyan	Kirsch, B., Skorge, S., & Magona, S. (2003). Teach Yourself Xhosa. Hodder Headline.	https://www.omniglot.com/writing/xhosa.htm	Latn
Yakut	yaku1245	Vyacheslav Ivanov	Kharitonov, L. N. (1947) Sovremennyj yakutskij yazyk: Fonetika i morfologiya. Yakutsk	https://www.omniglot.com/writing/yakut.htm	Cyrl
Yapese	yape1248	Tanya Masumi	Phillips L. // Yapese Alphabet.-- Pacific Resources for Education and Learning, 2006	https://www.omniglot.com/writing/yapese.htm	Latn
Yiddish	yidd1255	Violetta Ivanova	Dovid Katz. Grammar of the Yiddish Language. Duckworth, 1987.	https://www.omniglot.com/writing/yiddish.htm	Hebr
Yoruba	yoru1245	Nikita Shennikov	Ọladele A. 1978 Essentials of Yoruba grammar	https://www.omniglot.com/writing/yoruba.htm	Latn
Zulu 1	zulu1248	Anna Simonyan	Wilkes, A., & Nkosi, N. (2003). Zulu. Teach Yourself.	https://omniglot.com/writing/zulu.htm	Latn
Zulu 2	zulu1248	Roman Tarasov	Doke. Vilakazi (1972) Zulu-English Dictionary. Johannesburg	https://omniglot.com/writing/zulu.htm	Latn
